M,size_distortion,max_power_loss
20,0.060899999999999996,0.07050000000000001
30,0.0722,0.09920000000000007
40,0.0846,0.1251
50,0.09949999999999999,0.1511
